filename,sr,duration_sec,zcr_mean,spec_centroid_mean,spec_bw_mean,spec_roll_mean,rms_mean,mfcc1,mfcc2,mfcc3,mfcc4,mfcc5,mfcc6,mfcc7,mfcc8,mfcc9,mfcc10,mfcc11,mfcc12,mfcc13
Plastic Bomb-vocals-C major-191bpm-440hz.wav,44100,152.45061224489797,0.06687486168091304,2452.558028159766,2329.4645583347065,4561.392257462687,0.09858746081590652,-281.3481750488281,93.29621124267578,-42.744972229003906,17.366357803344727,-20.407745361328125,-7.635383605957031,-18.10586929321289,-13.866251945495605,-10.424306869506836,-8.030691146850586,-18.58624839782715,-3.2051658630371094,-5.170341491699219
